id_user,x,y
1,0.098674,0.6049213333333333
2,0.14665243333333333,0.5396044999999999
3,0.14208474,0.22526008000000003
